model,version,accuracy,precision,recall,f1_score,roc_auc,training_time
RandomForestClassifier,baseline,0.8444444444444444,0.7931034482758621,0.9583333333333334,0.8679245283018868,0.941468253968254,0.1041138780001347
RandomForestClassifier,tuned,0.7391304347826086,0.8421052631578947,0.64,0.7272727272727273,0.8466666666666667,6.647613619999902
