model,version,accuracy,precision,recall,f1_score,roc_auc,training_time
RandomForestClassifier,baseline,0.8444444444444444,0.7931034482758621,0.9583333333333334,0.8679245283018868,0.941468253968254,0.10411387800013472
