{
    "accuracy": 0.8444444444444444,
    "precision": 0.7931034482758621,
    "recall": 0.9583333333333334,
    "f1_score": 0.8679245283018868,
    "roc_auc": 0.941468253968254
}