{
    "accuracy": 0.7391304347826086,
    "precision": 0.8421052631578947,
    "recall": 0.64,
    "f1_score": 0.7272727272727273,
    "roc_auc": 0.8466666666666667
}